{ "elements": [ { "type": "line", "values": [ 7, 7.3774717285106, 7.7398948503864, 8.0728206994506, 8.3629765727091, 8.598794871135, 8.7708742633377, 8.8723544869781, 8.8991898457789, 8.8503104986686, 8.7276651109688, 8.5361431672572, 8.2833800430472, 7.9794526064608, 7.6364774852962, 7.2681280153137, 6.8890891274876, 6.514471906149, 6.1592111577398, 5.8374700072088, 5.5620752589149, 5.3440060324142, 5.1919560596099, 5.1119870930964, 5.1072872432119, 5.17804387814, 5.3214361541317, 5.5317474736436, 5.8005933880426, 6.1172558591139, 6.469110553422 ], "width": 2 } ], "title": { "text": "Waves go wobble" }, "y_axis": { "min": 0, "max": 10, "steps": 2 } }